კლასტერი,მთავარი საკვანძო სიტყვა,დამატებითი ფრაზები,ძიების მიზანი,შეთავაზებული H1,სტრუქტურა,შიდა ბმული,შემდეგი მოქმედება,სტატუსი
ვებსაიტის შექმნა,რა ღირს ვებსაიტის დამზადება საქართველოში,საიტის დამზადების ფასი; ვებ გვერდის ფასი,ფასის გაგება,რა ღირს ვებსაიტის დამზადება საქართველოში,"ფასის ფაქტორები; პროექტის ტიპები; დამატებითი ხარჯები; შეფასების მაგალითი",/prices,მოითხოვოს შეფასება,დაგეგმილი
ვებსაიტის შექმნა,რამდენ ხანში მზადდება ვებსაიტი,საიტის დამზადების ვადა; ვებ პროექტის ეტაპები,ინფორმაციული,რამდენ ხანში მზადდება ვებსაიტი,"ეტაპები; კონტენტის გავლენა; შეთანხმება; გაშვება",/website-development,გამოგზავნოს ბრიფი,დაგეგმილი
ვებსაიტის შექმნა,როგორი ვებსაიტი სჭირდება მცირე ბიზნესს,ბიზნეს საიტი; მცირე ბიზნესის საიტი,პრობლემის გადაჭრა,როგორი ვებსაიტი სჭირდება მცირე ბიზნესს,"მიზანი; გვერდები; კონტაქტი; გაზომვა",/website-development,მოითხოვოს კონსულტაცია,დაგეგმილი
ვებსაიტის შექმნა,რა ინფორმაცია მოვამზადოთ საიტის შეკვეთამდე,საიტის ბრიფი; საიტის შეკვეთა,ინფორმაციული,რა ინფორმაცია უნდა მოამზადოთ საიტის შეკვეთამდე,"მიზანი; აუდიტორია; გვერდები; კონტენტი; ფუნქციები; წვდომები",/website-development,შეავსოს ფორმა,გამოქვეყნებისთვის მზადაა
ვებსაიტის შექმნა,როგორ ავირჩიოთ ვებ დეველოპერული კომპანია,ვებ სტუდია; ვებ დეველოპერი,კომპანიის მოძებნა,როგორ ავირჩიოთ ვებ დეველოპერული კომპანია,"პორტფოლიო; პროცესი; ხელშეკრულება; წვდომები; მხარდაჭერა",/about,დაჯავშნოს საუბარი,დაგეგმილი
WordPress,WordPress თუ ინდივიდუალური პროგრამირება,custom code; CMS არჩევა,შედარება,WordPress თუ ინდივიდუალური პროგრამირება — რომელი ავირჩიოთ,"საჭიროებები; მართვა; მოქნილობა; უსაფრთხოება; ღირებულება",/wordpress-development,აღწეროს ფუნქციები,დაგეგმილი
WordPress,WordPress საიტის განახლება,WordPress მხარდაჭერა; plugin update,პრობლემის გადაჭრა,როგორ განვაახლოთ WordPress საიტი უსაფრთხოდ,"backup; staging; განახლება; ტესტი; აღდგენა",/website-maintenance,მოითხოვოს აუდიტი,დაგეგმილი
კორპორატიული საიტი,რა უნდა ჰქონდეს კომპანიის ვებსაიტს,კორპორატიული საიტის გვერდები,ინფორმაციული,რა უნდა ჰქონდეს კომპანიის ვებსაიტს,"აუდიტორია; მომსახურებები; ნდობა; დოკუმენტები; კონტაქტი",/corporate-website,მოითხოვოს შეფასება,დაგეგმილი
Landing Page,რა არის ლენდინგ გვერდი,landing page; გაყიდვების გვერდი,ინფორმაციული,რა არის Landing Page და როდის გჭირდებათ,"ერთი მიზანი; სტრუქტურა; CTA; ფორმა; გაზომვა",/landing-page,დაგეგმოს ლენდინგი,დაგეგმილი
ონლაინ მაღაზია,რა ღირს ონლაინ მაღაზიის შექმნა,ინტერნეტ მაღაზიის ფასი; ecommerce ფასი,ფასის გაგება,რა ღირს ონლაინ მაღაზიის შექმნა საქართველოში,"კატალოგი; გადახდა; მიწოდება; ინტეგრაციები; მოვლა",/ecommerce-development,მოითხოვოს შეფასება,დაგეგმილი
ონლაინ მაღაზია,რა უნდა დავგეგმოთ ონლაინ მაღაზიის შექმნამდე,ონლაინ მაღაზიის ბრიფი; ecommerce checklist,ინფორმაციული,რა უნდა დაგეგმოთ ონლაინ მაღაზიის შექმნამდე,"პროდუქტები; შეკვეთა; გადახდა; მიწოდება; წესები; ტესტი",/ecommerce-development,გამოგზავნოს კატალოგის აღწერა,გამოქვეყნებისთვის მზადაა
ონლაინ მაღაზია,ონლაინ გადახდის ინტეგრაცია საქართველოში,ქართული ბანკის ონლაინ გადახდა; checkout,პრობლემის გადაჭრა,როგორ იგეგმება ონლაინ გადახდის ინტეგრაცია,"merchant approval; API; წარმატება; შეცდომა; დაბრუნება",/ecommerce-development,დაასახელოს პროვაიდერი,დაგეგმილი
ონლაინ მაღაზია,როგორ მოვაწყოთ პროდუქტის კატალოგი,პროდუქტის კატეგორიები; ფილტრები; SKU,ინფორმაციული,როგორ მოვამზადოთ პროდუქტის კატალოგი ონლაინ მაღაზიისთვის,"ველები; ვარიანტები; ფოტო; ნაშთი; იმპორტი",/ecommerce-development,მოამზადოს ნიმუში,დაგეგმილი
ონლაინ მაღაზია,მიწოდების სისტემა ონლაინ მაღაზიაში,კურიერის ინტეგრაცია; მიწოდების ფასი,პრობლემის გადაჭრა,როგორ დავგეგმოთ მიწოდება ონლაინ მაღაზიაში,"ზონები; ტარიფი; კურიერი; მონაცემები; სტატუსი",/ecommerce-development,აღწეროს მიწოდების წესები,დაგეგმილი
მობილური აპლიკაციები,რა ღირს მობილური აპლიკაციის შექმნა,აპლიკაციის ფასი; MVP ფასი,ფასის გაგება,რა ღირს მობილური აპლიკაციის შექმნა,"ფუნქციები; პლატფორმები; backend; დიზაინი; მაღაზიები",/mobile-app-development,მოითხოვოს შეფასება,დაგეგმილი
მობილური აპლიკაციები,Android და iOS აპლიკაციების განსხვავება,Android vs iOS; პლატფორმის არჩევა,შედარება,Android თუ iOS — რომელი პლატფორმით დავიწყოთ,"აუდიტორია; ფუნქციები; ტესტი; გამოქვეყნება; ბიუჯეტი",/mobile-app-development,აღწეროს აუდიტორია,დაგეგმილი
მობილური აპლიკაციები,რა არის MVP აპლიკაცია,MVP შექმნა; პირველი ვერსია,ინფორმაციული,რა არის MVP და რა ფუნქციები უნდა შევიტანოთ,"ჰიპოთეზა; ძირითადი გზა; გაზომვა; უკუკავშირი; შემდეგი ეტაპი",/mobile-app-development,დაგეგმოს MVP,დაგეგმილი
მობილური აპლიკაციები,აპლიკაციის ტექნიკური დავალება,აპის ბრიფი; ფუნქციების აღწერა,ინფორმაციული,როგორ მოვამზადოთ მობილური აპლიკაციის ტექნიკური დავალება,"მომხმარებლები; ეკრანები; მონაცემები; ინტეგრაციები; შეზღუდვები",/mobile-app-development,გამოგზავნოს იდეა,დაგეგმილი
UI/UX,რა არის UI UX დიზაინი,UI და UX განსხვავება; აპის დიზაინი,ინფორმაციული,UI და UX დიზაინი — რას ნიშნავს თითოეული,"მიზანი; user flow; wireframe; ვიზუალი; ტესტი",/ui-ux-design,მოითხოვოს დიზაინის შეფასება,დაგეგმილი
UI/UX,რატომ გვჭირდება პროტოტიპი,Figma prototype; wireframe,პრობლემის გადაჭრა,რატომ უნდა შევქმნათ პროტოტიპი პროგრამირებამდე,"რისკები; სცენარები; მდგომარეობები; უკუკავშირი; handoff",/ui-ux-design,გამოგზავნოს სცენარი,დაგეგმილი
SEO,რატომ არ ჩანს საიტი Google-ში,Google ინდექსაცია; საიტი არ იძებნება,პრობლემის გადაჭრა,რატომ არ ჩანს ვებსაიტი Google-ში,"ინდექსაცია; intent; ტექნიკა; სანდოობა; გაზომვა; დრო",/seo,მოითხოვოს SEO აუდიტი,გამოქვეყნებისთვის მზადაა
SEO,SEO შედეგს რამდენი დრო სჭირდება,SEO ვადა; Google პოზიციის ზრდა,ინფორმაციული,SEO-ს შედეგს რამდენი დრო სჭირდება,"ინდექსაცია; კონკურენცია; საიტის მდგომარეობა; შუალედური ნიშნები",/seo,მოითხოვოს გეგმა,დაგეგმილი
SEO,როგორ გამოვიყენოთ Google Search Console,Search Console საქართველო; SEO მონაცემები,ინფორმაციული,Google Search Console — რა უნდა შეამოწმოს ბიზნესმა,"ownership; sitemap; pages; performance; alerts",/seo,დააკავშიროს Search Console,დაგეგმილი
SEO,ტექნიკური SEO აუდიტი,SEO შემოწმება; crawl errors,შეკვეთა,რას მოიცავს ტექნიკური SEO აუდიტი,"ინდექსაცია; canonical; sitemap; redirects; schema; speed",/seo,მოითხოვოს აუდიტი,დაგეგმილი
უსაფრთხოება,ვებსაიტის უსაფრთხოება,საიტის დაცვა; HTTPS; backup,პრობლემის გადაჭრა,ვებსაიტის უსაფრთხოების პრაქტიკული საფუძვლები,"წვდომები; განახლებები; headers; backup; მონიტორინგი",/website-maintenance,მოითხოვოს შემოწმება,დაგეგმილი
უსაფრთხოება,როგორ დავიცვათ საკონტაქტო ფორმა,ფორმის სპამი; CSRF; XSS,პრობლემის გადაჭრა,როგორ დავიცვათ ვებსაიტის საკონტაქტო ფორმა,"validation; CSRF; rate limit; spam; privacy",/website-maintenance,შეამოწმოს ფორმა,დაგეგმილი
ტექნიკური მხარდაჭერა,ვებსაიტის ტექნიკური მხარდაჭერა,საიტის მოვლა; განახლება,შეკვეთა,რას მოიცავს ვებსაიტის ტექნიკური მხარდაჭერა,"განახლება; ტესტი; backup; მონიტორინგი; SLA",/website-maintenance,მოითხოვოს მხარდაჭერა,დაგეგმილი
ბიზნესის დიგიტალიზაცია,ბიზნესისთვის პროგრამის შექმნა,ბიზნესსისტემა; ავტომატიზაცია,პრობლემის გადაჭრა,როდის სჭირდება ბიზნესს ინდივიდუალური პროგრამა,"არსებული პროცესი; მზა სისტემა; ინტეგრაცია; MVP; მოვლა",/custom-software,აღწეროს პროცესი,დაგეგმილი
ბიზნესის დიგიტალიზაცია,CRM თუ ინდივიდუალური სისტემა,CRM შედარება; custom software,შედარება,CRM თუ ინდივიდუალური სისტემა — როგორ ავირჩიოთ,"მოთხოვნები; დანერგვა; ინტეგრაცია; მონაცემები; ხარჯი",/custom-software,მოითხოვოს კონსულტაცია,დაგეგმილი
ტექნოლოგიების შედარება,ვებსაიტი თუ მობილური აპლიკაცია,website vs app; PWA,შედარება,ვებსაიტი თუ მობილური აპლიკაცია — რით დავიწყოთ,"მომხმარებლის საჭიროება; განმეორებადობა; მოწყობილობის ფუნქციები; ბიუჯეტი",/mobile-app-development,აღწეროს იდეა,დაგეგმილი
